claim_id,policy_number,claimant_id,date_of_loss,claimed_amount,submission_date,status,is_fraud
CLM-2026-00445,POL-HLT-20050-T3,MBR-00152,2026-06-24,75111,2026-07-02,RESOLVED_CLEAN,0
CLM-2026-00446,POL-HLT-20025-T3,MBR-00075,2026-06-24,20563,2026-06-26,INVESTIGATION_PENDING,0
CLM-2026-00444,POL-HLT-20057-T3,MBR-00172,2026-06-19,78296,2026-06-19,RESOLVED_FRAUD,1
CLM-2026-00443,POL-HLT-20015-T3,MBR-00044,2026-06-18,51113,2026-06-20,RESOLVED_CLEAN,0
CLM-2026-00442,POL-HLT-20076-T3,MBR-00229,2026-06-17,17981,2026-06-20,INVESTIGATION_PENDING,0
CLM-2026-00441,POL-HLT-20063-T3,MBR-00186,2026-06-15,24254,2026-06-12,RESOLVED_CLEAN,0
CLM-2026-00440,POL-HLT-20077-T3,MBR-00231,2026-06-12,223269,2026-06-15,INVESTIGATION_PENDING,0
CLM-2026-00439,POL-HLT-20013-T3,MBR-00040,2026-06-07,32327,2026-06-13,INVESTIGATION_PENDING,0
CLM-2026-00437,POL-HLT-20061-T3,MBR-00181,2026-06-06,49207,2026-06-08,RESOLVED_CLEAN,0
CLM-2026-00438,POL-HLT-20062-T3,MBR-00184,2026-06-06,39492,2026-06-13,RESOLVED_CLEAN,0
CLM-2026-00436,POL-HLT-20017-T3,MBR-00051,2026-06-04,55082,2026-06-09,RESOLVED_CLEAN,0
CLM-2026-00435,POL-HLT-20077-T2,MBR-00231,2026-05-30,197789,2026-05-31,RESOLVED_CLEAN,0
CLM-2026-00434,POL-HLT-20066-T3,MBR-00197,2026-05-29,63201,2026-06-07,RESOLVED_CLEAN,0
CLM-2026-00433,POL-HLT-20027-T3,MBR-00082,2026-05-27,45163,2026-06-02,INVESTIGATION_PENDING,0
CLM-2026-00432,POL-HLT-20058-T3,MBR-00174,2026-05-25,57126,2026-05-22,INVESTIGATION_PENDING,0
