policy_number,policy_type,total_sum_insured,inception_date,premium_paid,status,policy_form_version,plan_tier
POL-HLT-20000-T1,INDIVIDUAL,500000,2023-10-28,12000,RENEWED,v1.0,Gold
POL-HLT-20000-T2,INDIVIDUAL,500000,2024-10-27,12000,RENEWED,v1.0,Gold
POL-HLT-20000-T3,INDIVIDUAL,500000,2025-10-27,12000,ACTIVE,v2.0,Gold
POL-HLT-20001-T1,INDIVIDUAL,300000,2024-05-06,8000,RENEWED,v1.0,Silver
POL-HLT-20001-T2,INDIVIDUAL,300000,2025-05-06,8000,RENEWED,v1.0,Silver
POL-HLT-20001-T3,INDIVIDUAL,300000,2026-05-06,8000,ACTIVE,v2.0,Silver
POL-HLT-20002-T1,INDIVIDUAL,1000000,2024-01-10,25000,RENEWED,v1.0,Premium
POL-HLT-20002-T2,INDIVIDUAL,1000000,2025-01-09,25000,RENEWED,v1.0,Premium
POL-HLT-20002-T3,INDIVIDUAL,1000000,2026-01-09,25000,ACTIVE,v2.0,Premium
POL-HLT-20003-T1,INDIVIDUAL,300000,2024-03-22,8000,RENEWED,v1.0,Silver
POL-HLT-20003-T2,INDIVIDUAL,300000,2025-03-22,8000,RENEWED,v1.0,Silver
POL-HLT-20003-T3,INDIVIDUAL,300000,2026-03-22,8000,ACTIVE,v2.0,Silver
POL-HLT-20004-T1,INDIVIDUAL,300000,2023-11-29,8000,RENEWED,v1.0,Silver
POL-HLT-20004-T2,INDIVIDUAL,300000,2024-11-28,8000,RENEWED,v1.0,Silver
POL-HLT-20004-T3,INDIVIDUAL,300000,2025-11-28,8000,ACTIVE,v2.0,Silver
POL-HLT-20005-T1,FLOATER,1000000,2023-09-26,25000,RENEWED,v1.0,Premium
POL-HLT-20005-T2,FLOATER,1000000,2024-09-25,25000,RENEWED,v1.0,Premium
POL-HLT-20005-T3,FLOATER,1000000,2025-09-25,25000,ACTIVE,v2.0,Premium
POL-HLT-20006-T1,FLOATER,500000,2023-08-05,12000,RENEWED,v1.0,Gold
POL-HLT-20006-T2,FLOATER,500000,2024-08-04,12000,RENEWED,v1.0,Gold
POL-HLT-20006-T3,FLOATER,500000,2025-08-04,12000,LAPSED,v2.0,Gold
POL-HLT-20007-T1,INDIVIDUAL,1000000,2023-11-16,25000,RENEWED,v1.0,Premium
POL-HLT-20007-T2,INDIVIDUAL,1000000,2024-11-15,25000,RENEWED,v1.0,Premium
POL-HLT-20007-T3,INDIVIDUAL,1000000,2025-11-15,25000,ACTIVE,v2.0,Premium
POL-HLT-20008-T1,FLOATER,500000,2023-10-17,12000,RENEWED,v1.0,Gold
POL-HLT-20008-T2,FLOATER,500000,2024-10-16,12000,RENEWED,v1.0,Gold
POL-HLT-20008-T3,FLOATER,500000,2025-10-16,12000,ACTIVE,v2.0,Gold
POL-HLT-20009-T1,FLOATER,1000000,2024-05-25,25000,RENEWED,v1.0,Premium
POL-HLT-20009-T2,FLOATER,1000000,2025-05-25,25000,LAPSED,v1.0,Premium
POL-HLT-20009-T3,FLOATER,1000000,2026-05-25,25000,ACTIVE,v2.0,Premium
POL-HLT-20010-T1,INDIVIDUAL,1000000,2023-10-20,25000,RENEWED,v1.0,Premium
POL-HLT-20010-T2,INDIVIDUAL,1000000,2024-10-19,25000,RENEWED,v1.0,Premium
POL-HLT-20010-T3,INDIVIDUAL,1000000,2025-10-19,25000,ACTIVE,v2.0,Premium
POL-HLT-20011-T1,INDIVIDUAL,1000000,2023-07-15,25000,RENEWED,v1.0,Premium
POL-HLT-20011-T2,INDIVIDUAL,1000000,2024-07-14,25000,RENEWED,v1.0,Premium
POL-HLT-20011-T3,INDIVIDUAL,1000000,2025-07-14,25000,ACTIVE,v2.0,Premium
POL-HLT-20012-T1,INDIVIDUAL,1000000,2024-01-02,25000,RENEWED,v1.0,Premium
POL-HLT-20012-T2,INDIVIDUAL,1000000,2025-01-01,25000,RENEWED,v1.0,Premium
POL-HLT-20012-T3,INDIVIDUAL,1000000,2026-01-01,25000,ACTIVE,v2.0,Premium
POL-HLT-20013-T1,FLOATER,500000,2023-10-15,12000,RENEWED,v1.0,Gold
POL-HLT-20013-T2,FLOATER,500000,2024-10-14,12000,RENEWED,v1.0,Gold
POL-HLT-20013-T3,FLOATER,500000,2025-10-14,12000,ACTIVE,v2.0,Gold
POL-HLT-20014-T1,FLOATER,1000000,2024-01-18,25000,RENEWED,v1.0,Premium
POL-HLT-20014-T2,FLOATER,1000000,2025-01-17,25000,RENEWED,v1.0,Premium
POL-HLT-20014-T3,FLOATER,1000000,2026-01-17,25000,ACTIVE,v2.0,Premium
POL-HLT-20015-T1,FLOATER,500000,2024-05-19,12000,RENEWED,v1.0,Gold
POL-HLT-20015-T2,FLOATER,500000,2025-05-19,12000,RENEWED,v1.0,Gold
POL-HLT-20015-T3,FLOATER,500000,2026-05-19,12000,ACTIVE,v2.0,Gold
POL-HLT-20016-T1,FLOATER,300000,2024-06-18,8000,RENEWED,v1.0,Silver
POL-HLT-20016-T2,FLOATER,300000,2025-06-18,8000,RENEWED,v1.0,Silver
POL-HLT-20016-T3,FLOATER,300000,2026-06-18,8000,LAPSED,v2.0,Silver
POL-HLT-20017-T1,FLOATER,500000,2023-10-25,12000,RENEWED,v1.0,Gold
POL-HLT-20017-T2,FLOATER,500000,2024-10-24,12000,RENEWED,v1.0,Gold
POL-HLT-20017-T3,FLOATER,500000,2025-10-24,12000,ACTIVE,v2.0,Gold
POL-HLT-20018-T1,INDIVIDUAL,1000000,2023-11-11,25000,RENEWED,v1.0,Premium
POL-HLT-20018-T2,INDIVIDUAL,1000000,2024-11-10,25000,RENEWED,v1.0,Premium
POL-HLT-20018-T3,INDIVIDUAL,1000000,2025-11-10,25000,ACTIVE,v2.0,Premium
POL-HLT-20019-T1,INDIVIDUAL,500000,2024-01-08,12000,RENEWED,v1.0,Gold
POL-HLT-20019-T2,INDIVIDUAL,500000,2025-01-07,12000,RENEWED,v1.0,Gold
POL-HLT-20019-T3,INDIVIDUAL,500000,2026-01-07,12000,LAPSED,v2.0,Gold
POL-HLT-20020-T1,FLOATER,1000000,2024-01-27,25000,RENEWED,v1.0,Premium
POL-HLT-20020-T2,FLOATER,1000000,2025-01-26,25000,RENEWED,v1.0,Premium
POL-HLT-20020-T3,FLOATER,1000000,2026-01-26,25000,ACTIVE,v2.0,Premium
POL-HLT-20021-T1,FLOATER,300000,2024-02-03,8000,RENEWED,v1.0,Silver
POL-HLT-20021-T2,FLOATER,300000,2025-02-02,8000,RENEWED,v1.0,Silver
POL-HLT-20021-T3,FLOATER,300000,2026-02-02,8000,ACTIVE,v2.0,Silver
POL-HLT-20022-T1,FLOATER,1000000,2024-03-21,25000,RENEWED,v1.0,Premium
POL-HLT-20022-T2,FLOATER,1000000,2025-03-21,25000,RENEWED,v1.0,Premium
POL-HLT-20022-T3,FLOATER,1000000,2026-03-21,25000,LAPSED,v2.0,Premium
POL-HLT-20023-T1,FLOATER,500000,2024-01-09,12000,RENEWED,v1.0,Gold
POL-HLT-20023-T2,FLOATER,500000,2025-01-08,12000,RENEWED,v1.0,Gold
POL-HLT-20023-T3,FLOATER,500000,2026-01-08,12000,ACTIVE,v2.0,Gold
POL-HLT-20024-T1,INDIVIDUAL,1000000,2023-07-17,25000,RENEWED,v1.0,Premium
POL-HLT-20024-T2,INDIVIDUAL,1000000,2024-07-16,25000,RENEWED,v1.0,Premium
POL-HLT-20024-T3,INDIVIDUAL,1000000,2025-07-16,25000,ACTIVE,v2.0,Premium
POL-HLT-20025-T1,INDIVIDUAL,300000,2023-08-31,8000,RENEWED,v1.0,Silver
POL-HLT-20025-T2,INDIVIDUAL,300000,2024-08-30,8000,RENEWED,v1.0,Silver
POL-HLT-20025-T3,INDIVIDUAL,300000,2025-08-30,8000,ACTIVE,v2.0,Silver
POL-HLT-20026-T1,FLOATER,500000,2023-09-06,12000,RENEWED,v1.0,Gold
POL-HLT-20026-T2,FLOATER,500000,2024-09-05,12000,RENEWED,v1.0,Gold
POL-HLT-20026-T3,FLOATER,500000,2025-09-05,12000,ACTIVE,v2.0,Gold
POL-HLT-20027-T1,INDIVIDUAL,500000,2023-10-13,12000,RENEWED,v1.0,Gold
POL-HLT-20027-T2,INDIVIDUAL,500000,2024-10-12,12000,RENEWED,v1.0,Gold
POL-HLT-20027-T3,INDIVIDUAL,500000,2025-10-12,12000,ACTIVE,v2.0,Gold
POL-HLT-20028-T1,INDIVIDUAL,1000000,2024-03-15,25000,RENEWED,v1.0,Premium
POL-HLT-20028-T2,INDIVIDUAL,1000000,2025-03-15,25000,RENEWED,v1.0,Premium
POL-HLT-20028-T3,INDIVIDUAL,1000000,2026-03-15,25000,ACTIVE,v2.0,Premium
POL-HLT-20029-T1,INDIVIDUAL,1000000,2024-05-30,25000,RENEWED,v1.0,Premium
POL-HLT-20029-T2,INDIVIDUAL,1000000,2025-05-30,25000,RENEWED,v1.0,Premium
POL-HLT-20029-T3,INDIVIDUAL,1000000,2026-05-30,25000,ACTIVE,v2.0,Premium
POL-HLT-20030-T1,INDIVIDUAL,500000,2024-04-24,12000,RENEWED,v1.0,Gold
POL-HLT-20030-T2,INDIVIDUAL,500000,2025-04-24,12000,RENEWED,v1.0,Gold
POL-HLT-20030-T3,INDIVIDUAL,500000,2026-04-24,12000,ACTIVE,v2.0,Gold
POL-HLT-20031-T1,FLOATER,1000000,2024-03-21,25000,RENEWED,v1.0,Premium
POL-HLT-20031-T2,FLOATER,1000000,2025-03-21,25000,RENEWED,v1.0,Premium
POL-HLT-20031-T3,FLOATER,1000000,2026-03-21,25000,ACTIVE,v2.0,Premium
POL-HLT-20032-T1,INDIVIDUAL,300000,2023-08-11,8000,RENEWED,v1.0,Silver
POL-HLT-20032-T2,INDIVIDUAL,300000,2024-08-10,8000,RENEWED,v1.0,Silver
POL-HLT-20032-T3,INDIVIDUAL,300000,2025-08-10,8000,ACTIVE,v2.0,Silver
POL-HLT-20033-T1,INDIVIDUAL,1000000,2023-11-09,25000,RENEWED,v1.0,Premium
POL-HLT-20033-T2,INDIVIDUAL,1000000,2024-11-08,25000,RENEWED,v1.0,Premium
POL-HLT-20033-T3,INDIVIDUAL,1000000,2025-11-08,25000,ACTIVE,v2.0,Premium
POL-HLT-20034-T1,FLOATER,1000000,2023-10-08,25000,RENEWED,v1.0,Premium
POL-HLT-20034-T2,FLOATER,1000000,2024-10-07,25000,RENEWED,v1.0,Premium
POL-HLT-20034-T3,FLOATER,1000000,2025-10-07,25000,ACTIVE,v2.0,Premium
POL-HLT-20035-T1,FLOATER,300000,2023-11-09,8000,RENEWED,v1.0,Silver
POL-HLT-20035-T2,FLOATER,300000,2024-11-08,8000,RENEWED,v1.0,Silver
POL-HLT-20035-T3,FLOATER,300000,2025-11-08,8000,ACTIVE,v2.0,Silver
POL-HLT-20036-T1,INDIVIDUAL,500000,2024-04-19,12000,RENEWED,v1.0,Gold
POL-HLT-20036-T2,INDIVIDUAL,500000,2025-04-19,12000,RENEWED,v1.0,Gold
POL-HLT-20036-T3,INDIVIDUAL,500000,2026-04-19,12000,ACTIVE,v2.0,Gold
POL-HLT-20037-T1,INDIVIDUAL,1000000,2024-01-28,25000,RENEWED,v1.0,Premium
POL-HLT-20037-T2,INDIVIDUAL,1000000,2025-01-27,25000,RENEWED,v1.0,Premium
POL-HLT-20037-T3,INDIVIDUAL,1000000,2026-01-27,25000,ACTIVE,v2.0,Premium
POL-HLT-20038-T1,INDIVIDUAL,1000000,2024-05-25,25000,RENEWED,v1.0,Premium
POL-HLT-20038-T2,INDIVIDUAL,1000000,2025-05-25,25000,RENEWED,v1.0,Premium
POL-HLT-20038-T3,INDIVIDUAL,1000000,2026-05-25,25000,ACTIVE,v2.0,Premium
POL-HLT-20039-T1,FLOATER,500000,2023-09-08,12000,RENEWED,v1.0,Gold
POL-HLT-20039-T2,FLOATER,500000,2024-09-07,12000,RENEWED,v1.0,Gold
POL-HLT-20039-T3,FLOATER,500000,2025-09-07,12000,ACTIVE,v2.0,Gold
POL-HLT-20040-T1,FLOATER,300000,2023-11-11,8000,RENEWED,v1.0,Silver
POL-HLT-20040-T2,FLOATER,300000,2024-11-10,8000,RENEWED,v1.0,Silver
POL-HLT-20040-T3,FLOATER,300000,2025-11-10,8000,ACTIVE,v2.0,Silver
POL-HLT-20041-T1,FLOATER,300000,2024-03-31,8000,RENEWED,v1.0,Silver
POL-HLT-20041-T2,FLOATER,300000,2025-03-31,8000,RENEWED,v1.0,Silver
POL-HLT-20041-T3,FLOATER,300000,2026-03-31,8000,ACTIVE,v2.0,Silver
POL-HLT-20042-T1,FLOATER,300000,2023-09-23,8000,RENEWED,v1.0,Silver
POL-HLT-20042-T2,FLOATER,300000,2024-09-22,8000,RENEWED,v1.0,Silver
POL-HLT-20042-T3,FLOATER,300000,2025-09-22,8000,LAPSED,v2.0,Silver
POL-HLT-20043-T1,FLOATER,300000,2024-04-29,8000,RENEWED,v1.0,Silver
POL-HLT-20043-T2,FLOATER,300000,2025-04-29,8000,RENEWED,v1.0,Silver
POL-HLT-20043-T3,FLOATER,300000,2026-04-29,8000,ACTIVE,v2.0,Silver
POL-HLT-20044-T1,FLOATER,500000,2024-02-22,12000,RENEWED,v1.0,Gold
POL-HLT-20044-T2,FLOATER,500000,2025-02-21,12000,RENEWED,v1.0,Gold
POL-HLT-20044-T3,FLOATER,500000,2026-02-21,12000,ACTIVE,v2.0,Gold
POL-HLT-20045-T1,INDIVIDUAL,300000,2023-10-15,8000,RENEWED,v1.0,Silver
POL-HLT-20045-T2,INDIVIDUAL,300000,2024-10-14,8000,RENEWED,v1.0,Silver
POL-HLT-20045-T3,INDIVIDUAL,300000,2025-10-14,8000,ACTIVE,v2.0,Silver
POL-HLT-20046-T1,INDIVIDUAL,300000,2024-02-21,8000,RENEWED,v1.0,Silver
POL-HLT-20046-T2,INDIVIDUAL,300000,2025-02-20,8000,RENEWED,v1.0,Silver
POL-HLT-20046-T3,INDIVIDUAL,300000,2026-02-20,8000,ACTIVE,v2.0,Silver
POL-HLT-20047-T1,FLOATER,500000,2024-02-15,12000,RENEWED,v1.0,Gold
POL-HLT-20047-T2,FLOATER,500000,2025-02-14,12000,RENEWED,v1.0,Gold
POL-HLT-20047-T3,FLOATER,500000,2026-02-14,12000,ACTIVE,v2.0,Gold
POL-HLT-20048-T1,FLOATER,300000,2024-01-02,8000,RENEWED,v1.0,Silver
POL-HLT-20048-T2,FLOATER,300000,2025-01-01,8000,RENEWED,v1.0,Silver
POL-HLT-20048-T3,FLOATER,300000,2026-01-01,8000,ACTIVE,v2.0,Silver
POL-HLT-20049-T1,INDIVIDUAL,300000,2023-10-09,8000,RENEWED,v1.0,Silver
POL-HLT-20049-T2,INDIVIDUAL,300000,2024-10-08,8000,RENEWED,v1.0,Silver
POL-HLT-20049-T3,INDIVIDUAL,300000,2025-10-08,8000,ACTIVE,v2.0,Silver
POL-HLT-20050-T1,FLOATER,1000000,2024-05-10,25000,RENEWED,v1.0,Premium
POL-HLT-20050-T2,FLOATER,1000000,2025-05-10,25000,RENEWED,v1.0,Premium
POL-HLT-20050-T3,FLOATER,1000000,2026-05-10,25000,ACTIVE,v2.0,Premium
POL-HLT-20051-T1,INDIVIDUAL,1000000,2024-04-28,25000,RENEWED,v1.0,Premium
POL-HLT-20051-T2,INDIVIDUAL,1000000,2025-04-28,25000,RENEWED,v1.0,Premium
POL-HLT-20051-T3,INDIVIDUAL,1000000,2026-04-28,25000,ACTIVE,v2.0,Premium
POL-HLT-20052-T1,FLOATER,500000,2023-11-04,12000,RENEWED,v1.0,Gold
POL-HLT-20052-T2,FLOATER,500000,2024-11-03,12000,RENEWED,v1.0,Gold
POL-HLT-20052-T3,FLOATER,500000,2025-11-03,12000,ACTIVE,v2.0,Gold
POL-HLT-20053-T1,FLOATER,300000,2024-01-01,8000,RENEWED,v1.0,Silver
POL-HLT-20053-T2,FLOATER,300000,2024-12-31,8000,RENEWED,v1.0,Silver
POL-HLT-20053-T3,FLOATER,300000,2025-12-31,8000,ACTIVE,v2.0,Silver
POL-HLT-20054-T1,INDIVIDUAL,500000,2024-02-12,12000,RENEWED,v1.0,Gold
POL-HLT-20054-T2,INDIVIDUAL,500000,2025-02-11,12000,RENEWED,v1.0,Gold
POL-HLT-20054-T3,INDIVIDUAL,500000,2026-02-11,12000,ACTIVE,v2.0,Gold
POL-HLT-20055-T1,INDIVIDUAL,1000000,2023-11-16,25000,RENEWED,v1.0,Premium
POL-HLT-20055-T2,INDIVIDUAL,1000000,2024-11-15,25000,LAPSED,v1.0,Premium
POL-HLT-20055-T3,INDIVIDUAL,1000000,2025-11-15,25000,ACTIVE,v2.0,Premium
POL-HLT-20056-T1,INDIVIDUAL,500000,2023-12-04,12000,RENEWED,v1.0,Gold
POL-HLT-20056-T2,INDIVIDUAL,500000,2024-12-03,12000,RENEWED,v1.0,Gold
POL-HLT-20056-T3,INDIVIDUAL,500000,2025-12-03,12000,ACTIVE,v2.0,Gold
POL-HLT-20057-T1,INDIVIDUAL,1000000,2023-09-13,25000,RENEWED,v1.0,Premium
POL-HLT-20057-T2,INDIVIDUAL,1000000,2024-09-12,25000,RENEWED,v1.0,Premium
POL-HLT-20057-T3,INDIVIDUAL,1000000,2025-09-12,25000,ACTIVE,v2.0,Premium
POL-HLT-20058-T1,INDIVIDUAL,300000,2023-08-18,8000,RENEWED,v1.0,Silver
POL-HLT-20058-T2,INDIVIDUAL,300000,2024-08-17,8000,RENEWED,v1.0,Silver
POL-HLT-20058-T3,INDIVIDUAL,300000,2025-08-17,8000,ACTIVE,v2.0,Silver
POL-HLT-20059-T1,INDIVIDUAL,300000,2024-03-18,8000,RENEWED,v1.0,Silver
POL-HLT-20059-T2,INDIVIDUAL,300000,2025-03-18,8000,RENEWED,v1.0,Silver
POL-HLT-20059-T3,INDIVIDUAL,300000,2026-03-18,8000,ACTIVE,v2.0,Silver
POL-HLT-20060-T1,FLOATER,1000000,2023-08-30,25000,RENEWED,v1.0,Premium
POL-HLT-20060-T2,FLOATER,1000000,2024-08-29,25000,RENEWED,v1.0,Premium
POL-HLT-20060-T3,FLOATER,1000000,2025-08-29,25000,ACTIVE,v2.0,Premium
POL-HLT-20061-T1,INDIVIDUAL,300000,2023-08-03,8000,RENEWED,v1.0,Silver
POL-HLT-20061-T2,INDIVIDUAL,300000,2024-08-02,8000,RENEWED,v1.0,Silver
POL-HLT-20061-T3,INDIVIDUAL,300000,2025-08-02,8000,ACTIVE,v2.0,Silver
POL-HLT-20062-T1,FLOATER,1000000,2024-01-21,25000,RENEWED,v1.0,Premium
POL-HLT-20062-T2,FLOATER,1000000,2025-01-20,25000,RENEWED,v1.0,Premium
POL-HLT-20062-T3,FLOATER,1000000,2026-01-20,25000,ACTIVE,v2.0,Premium
POL-HLT-20063-T1,FLOATER,300000,2023-10-04,8000,RENEWED,v1.0,Silver
POL-HLT-20063-T2,FLOATER,300000,2024-10-03,8000,RENEWED,v1.0,Silver
POL-HLT-20063-T3,FLOATER,300000,2025-10-03,8000,ACTIVE,v2.0,Silver
POL-HLT-20064-T1,INDIVIDUAL,500000,2024-04-01,12000,RENEWED,v1.0,Gold
POL-HLT-20064-T2,INDIVIDUAL,500000,2025-04-01,12000,RENEWED,v1.0,Gold
POL-HLT-20064-T3,INDIVIDUAL,500000,2026-04-01,12000,ACTIVE,v2.0,Gold
POL-HLT-20065-T1,FLOATER,500000,2024-01-22,12000,RENEWED,v1.0,Gold
POL-HLT-20065-T2,FLOATER,500000,2025-01-21,12000,RENEWED,v1.0,Gold
POL-HLT-20065-T3,FLOATER,500000,2026-01-21,12000,ACTIVE,v2.0,Gold
POL-HLT-20066-T1,FLOATER,300000,2023-07-05,8000,RENEWED,v1.0,Silver
POL-HLT-20066-T2,FLOATER,300000,2024-07-04,8000,RENEWED,v1.0,Silver
POL-HLT-20066-T3,FLOATER,300000,2025-07-04,8000,ACTIVE,v2.0,Silver
POL-HLT-20067-T1,FLOATER,1000000,2024-01-26,25000,RENEWED,v1.0,Premium
POL-HLT-20067-T2,FLOATER,1000000,2025-01-25,25000,RENEWED,v1.0,Premium
POL-HLT-20067-T3,FLOATER,1000000,2026-01-25,25000,ACTIVE,v2.0,Premium
POL-HLT-20068-T1,INDIVIDUAL,1000000,2024-04-20,25000,RENEWED,v1.0,Premium
POL-HLT-20068-T2,INDIVIDUAL,1000000,2025-04-20,25000,RENEWED,v1.0,Premium
POL-HLT-20068-T3,INDIVIDUAL,1000000,2026-04-20,25000,ACTIVE,v2.0,Premium
POL-HLT-20069-T1,INDIVIDUAL,500000,2024-05-15,12000,RENEWED,v1.0,Gold
POL-HLT-20069-T2,INDIVIDUAL,500000,2025-05-15,12000,RENEWED,v1.0,Gold
POL-HLT-20069-T3,INDIVIDUAL,500000,2026-05-15,12000,ACTIVE,v2.0,Gold
POL-HLT-20070-T1,FLOATER,1000000,2024-03-29,25000,RENEWED,v1.0,Premium
POL-HLT-20070-T2,FLOATER,1000000,2025-03-29,25000,RENEWED,v1.0,Premium
POL-HLT-20070-T3,FLOATER,1000000,2026-03-29,25000,ACTIVE,v2.0,Premium
POL-HLT-20071-T1,INDIVIDUAL,1000000,2023-10-24,25000,RENEWED,v1.0,Premium
POL-HLT-20071-T2,INDIVIDUAL,1000000,2024-10-23,25000,RENEWED,v1.0,Premium
POL-HLT-20071-T3,INDIVIDUAL,1000000,2025-10-23,25000,ACTIVE,v2.0,Premium
POL-HLT-20072-T1,INDIVIDUAL,300000,2024-02-04,8000,RENEWED,v1.0,Silver
POL-HLT-20072-T2,INDIVIDUAL,300000,2025-02-03,8000,RENEWED,v1.0,Silver
POL-HLT-20072-T3,INDIVIDUAL,300000,2026-02-03,8000,LAPSED,v2.0,Silver
POL-HLT-20073-T1,INDIVIDUAL,500000,2023-12-22,12000,RENEWED,v1.0,Gold
POL-HLT-20073-T2,INDIVIDUAL,500000,2024-12-21,12000,RENEWED,v1.0,Gold
POL-HLT-20073-T3,INDIVIDUAL,500000,2025-12-21,12000,ACTIVE,v2.0,Gold
POL-HLT-20074-T1,FLOATER,500000,2024-02-28,12000,RENEWED,v1.0,Gold
POL-HLT-20074-T2,FLOATER,500000,2025-02-27,12000,RENEWED,v1.0,Gold
POL-HLT-20074-T3,FLOATER,500000,2026-02-27,12000,ACTIVE,v2.0,Gold
POL-HLT-20075-T1,FLOATER,300000,2024-01-10,8000,RENEWED,v1.0,Silver
POL-HLT-20075-T2,FLOATER,300000,2025-01-09,8000,RENEWED,v1.0,Silver
POL-HLT-20075-T3,FLOATER,300000,2026-01-09,8000,ACTIVE,v2.0,Silver
POL-HLT-20076-T1,FLOATER,300000,2024-02-07,8000,RENEWED,v1.0,Silver
POL-HLT-20076-T2,FLOATER,300000,2025-02-06,8000,RENEWED,v1.0,Silver
POL-HLT-20076-T3,FLOATER,300000,2026-02-06,8000,ACTIVE,v2.0,Silver
POL-HLT-20077-T1,INDIVIDUAL,300000,2024-06-04,8000,RENEWED,v1.0,Silver
POL-HLT-20077-T2,INDIVIDUAL,300000,2025-06-04,8000,RENEWED,v1.0,Silver
POL-HLT-20077-T3,INDIVIDUAL,300000,2026-06-04,8000,ACTIVE,v2.0,Silver
POL-HLT-20078-T1,FLOATER,1000000,2023-11-07,25000,RENEWED,v1.0,Premium
POL-HLT-20078-T2,FLOATER,1000000,2024-11-06,25000,RENEWED,v1.0,Premium
POL-HLT-20078-T3,FLOATER,1000000,2025-11-06,25000,ACTIVE,v2.0,Premium
POL-HLT-20079-T1,FLOATER,1000000,2023-11-17,25000,RENEWED,v1.0,Premium
POL-HLT-20079-T2,FLOATER,1000000,2024-11-16,25000,RENEWED,v1.0,Premium
POL-HLT-20079-T3,FLOATER,1000000,2025-11-16,25000,ACTIVE,v2.0,Premium
